[
  {
    "codice": "028",
    "nome": "Padova",
    "sigla": "PD",
    "regione": "Veneto"
  },
  {
    "codice": "098",
    "nome": "Lodi",
    "sigla": "LO",
    "regione": "Lombardia"
  },
  {
    "codice": "097",
    "nome": "Lecco",
    "sigla": "LC",
    "regione": "Lombardia"
  },
  {
    "codice": "052",
    "nome": "Siena",
    "sigla": "SI",
    "regione": "Toscana"
  },
  {
    "codice": "095",
    "nome": "Oristano",
    "sigla": "OR",
    "regione": "Sardegna"
  },
  {
    "codice": "068",
    "nome": "Pescara",
    "sigla": "PE",
    "regione": "Abruzzo"
  },
  {
    "codice": "015",
    "nome": "Milano",
    "sigla": "MI",
    "regione": "Lombardia"
  },
  {
    "codice": "047",
    "nome": "Pistoia",
    "sigla": "PT",
    "regione": "Toscana"
  },
  {
    "codice": "076",
    "nome": "Potenza",
    "sigla": "PZ",
    "regione": "Basilicata"
  },
  {
    "codice": "088",
    "nome": "Ragusa",
    "sigla": "RG",
    "regione": "Sicilia"
  },
  {
    "codice": "071",
    "nome": "Foggia",
    "sigla": "FG",
    "regione": "Puglia"
  },
  {
    "codice": "004",
    "nome": "Cuneo",
    "sigla": "CN",
    "regione": "Piemonte"
  },
  {
    "codice": "077",
    "nome": "Matera",
    "sigla": "MT",
    "regione": "Basilicata"
  },
  {
    "codice": "066",
    "nome": "L'Aquila",
    "sigla": "AQ",
    "regione": "Abruzzo"
  },
  {
    "codice": "057",
    "nome": "Rieti",
    "sigla": "RI",
    "regione": "Lazio"
  },
  {
    "codice": "065",
    "nome": "Salerno",
    "sigla": "SA",
    "regione": "Campania"
  },
  {
    "codice": "063",
    "nome": "Napoli",
    "sigla": "NA",
    "regione": "Campania"
  },
  {
    "codice": "087",
    "nome": "Catania",
    "sigla": "CT",
    "regione": "Sicilia"
  },
  {
    "codice": "060",
    "nome": "Frosinone",
    "sigla": "FR",
    "regione": "Lazio"
  },
  {
    "codice": "078",
    "nome": "Cosenza",
    "sigla": "CS",
    "regione": "Calabria"
  },
  {
    "codice": "017",
    "nome": "Brescia",
    "sigla": "BS",
    "regione": "Lombardia"
  },
  {
    "codice": "041",
    "nome": "Pesaro e Urbino",
    "sigla": "PU",
    "regione": "Marche"
  },
  {
    "codice": "019",
    "nome": "Cremona",
    "sigla": "CR",
    "regione": "Lombardia"
  },
  {
    "codice": "020",
    "nome": "Mantova",
    "sigla": "MN",
    "regione": "Lombardia"
  },
  {
    "codice": "056",
    "nome": "Viterbo",
    "sigla": "VT",
    "regione": "Lazio"
  },
  {
    "codice": "102",
    "nome": "Vibo Valentia",
    "sigla": "VV",
    "regione": "Calabria"
  },
  {
    "codice": "044",
    "nome": "Ascoli Piceno",
    "sigla": "AP",
    "regione": "Marche"
  },
  {
    "codice": "055",
    "nome": "Terni",
    "sigla": "TR",
    "regione": "Umbria"
  },
  {
    "codice": "070",
    "nome": "Campobasso",
    "sigla": "CB",
    "regione": "Molise"
  },
  {
    "codice": "094",
    "nome": "Isernia",
    "sigla": "IS",
    "regione": "Molise"
  },
  {
    "codice": "072",
    "nome": "Bari",
    "sigla": "BA",
    "regione": "Puglia"
  },
  {
    "codice": "085",
    "nome": "Caltanissetta",
    "sigla": "CL",
    "regione": "Sicilia"
  },
  {
    "codice": "083",
    "nome": "Messina",
    "sigla": "ME",
    "regione": "Sicilia"
  },
  {
    "codice": "006",
    "nome": "Alessandria",
    "sigla": "AL",
    "regione": "Piemonte"
  },
  {
    "codice": "016",
    "nome": "Bergamo",
    "sigla": "BG",
    "regione": "Lombardia"
  },
  {
    "codice": "029",
    "nome": "Rovigo",
    "sigla": "RO",
    "regione": "Veneto"
  },
  {
    "codice": "023",
    "nome": "Verona",
    "sigla": "VR",
    "regione": "Veneto"
  },
  {
    "codice": "058",
    "nome": "Roma",
    "sigla": "RM",
    "regione": "Lazio"
  },
  {
    "codice": "080",
    "nome": "Reggio Calabria",
    "sigla": "RC",
    "regione": "Calabria"
  },
  {
    "codice": "033",
    "nome": "Piacenza",
    "sigla": "PC",
    "regione": "Emilia-Romagna"
  },
  {
    "codice": "090",
    "nome": "Sassari",
    "sigla": "SS",
    "regione": "Sardegna"
  },
  {
    "codice": "086",
    "nome": "Enna",
    "sigla": "EN",
    "regione": "Sicilia"
  },
  {
    "codice": "005",
    "nome": "Asti",
    "sigla": "AT",
    "regione": "Piemonte"
  },
  {
    "codice": "001",
    "nome": "Torino",
    "sigla": "TO",
    "regione": "Piemonte"
  },
  {
    "codice": "025",
    "nome": "Belluno",
    "sigla": "BL",
    "regione": "Veneto"
  },
  {
    "codice": "012",
    "nome": "Varese",
    "sigla": "VA",
    "regione": "Lombardia"
  },
  {
    "codice": "108",
    "nome": "Monza e della Brianza",
    "sigla": "MB",
    "regione": "Lombardia"
  },
  {
    "codice": "003",
    "nome": "Novara",
    "sigla": "NO",
    "regione": "Piemonte"
  },
  {
    "codice": "084",
    "nome": "Agrigento",
    "sigla": "AG",
    "regione": "Sicilia"
  },
  {
    "codice": "042",
    "nome": "Ancona",
    "sigla": "AN",
    "regione": "Marche"
  },
  {
    "codice": "024",
    "nome": "Vicenza",
    "sigla": "VI",
    "regione": "Veneto"
  },
  {
    "codice": "030",
    "nome": "Udine",
    "sigla": "UD",
    "regione": "Friuli-Venezia Giulia"
  },
  {
    "codice": "064",
    "nome": "Avellino",
    "sigla": "AV",
    "regione": "Campania"
  },
  {
    "codice": "061",
    "nome": "Caserta",
    "sigla": "CE",
    "regione": "Campania"
  },
  {
    "codice": "096",
    "nome": "Biella",
    "sigla": "BI",
    "regione": "Piemonte"
  },
  {
    "codice": "062",
    "nome": "Benevento",
    "sigla": "BN",
    "regione": "Campania"
  },
  {
    "codice": "008",
    "nome": "Imperia",
    "sigla": "IM",
    "regione": "Liguria"
  },
  {
    "codice": "022",
    "nome": "Trento",
    "sigla": "TN",
    "regione": "Trentino-Alto Adige/Südtirol"
  },
  {
    "codice": "018",
    "nome": "Pavia",
    "sigla": "PV",
    "regione": "Lombardia"
  },
  {
    "codice": "002",
    "nome": "Vercelli",
    "sigla": "VC",
    "regione": "Piemonte"
  },
  {
    "codice": "009",
    "nome": "Savona",
    "sigla": "SV",
    "regione": "Liguria"
  },
  {
    "codice": "067",
    "nome": "Teramo",
    "sigla": "TE",
    "regione": "Abruzzo"
  },
  {
    "codice": "014",
    "nome": "Sondrio",
    "sigla": "SO",
    "regione": "Lombardia"
  },
  {
    "codice": "034",
    "nome": "Parma",
    "sigla": "PR",
    "regione": "Emilia-Romagna"
  },
  {
    "codice": "013",
    "nome": "Como",
    "sigla": "CO",
    "regione": "Lombardia"
  },
  {
    "codice": "079",
    "nome": "Catanzaro",
    "sigla": "CZ",
    "regione": "Calabria"
  },
  {
    "codice": "035",
    "nome": "Reggio nell'Emilia",
    "sigla": "RE",
    "regione": "Emilia-Romagna"
  },
  {
    "codice": "081",
    "nome": "Trapani",
    "sigla": "TP",
    "regione": "Sicilia"
  },
  {
    "codice": "021",
    "nome": "Bolzano/Bozen",
    "sigla": "BZ",
    "regione": "Trentino-Alto Adige/Südtirol"
  },
  {
    "codice": "075",
    "nome": "Lecce",
    "sigla": "LE",
    "regione": "Puglia"
  },
  {
    "codice": "039",
    "nome": "Ravenna",
    "sigla": "RA",
    "regione": "Emilia-Romagna"
  },
  {
    "codice": "082",
    "nome": "Palermo",
    "sigla": "PA",
    "regione": "Sicilia"
  },
  {
    "codice": "007",
    "nome": "Valle d'Aosta/Vallée d'Aoste",
    "sigla": "AO",
    "regione": "Valle d'Aosta/Vallée d'Aoste"
  },
  {
    "codice": "109",
    "nome": "Fermo",
    "sigla": "FM",
    "regione": "Marche"
  },
  {
    "codice": "069",
    "nome": "Chieti",
    "sigla": "CH",
    "regione": "Abruzzo"
  },
  {
    "codice": "026",
    "nome": "Treviso",
    "sigla": "TV",
    "regione": "Veneto"
  },
  {
    "codice": "037",
    "nome": "Bologna",
    "sigla": "BO",
    "regione": "Emilia-Romagna"
  },
  {
    "codice": "046",
    "nome": "Lucca",
    "sigla": "LU",
    "regione": "Toscana"
  },
  {
    "codice": "011",
    "nome": "La Spezia",
    "sigla": "SP",
    "regione": "Liguria"
  },
  {
    "codice": "093",
    "nome": "Pordenone",
    "sigla": "PN",
    "regione": "Friuli-Venezia Giulia"
  },
  {
    "codice": "110",
    "nome": "Barletta-Andria-Trani",
    "sigla": "BT",
    "regione": "Puglia"
  },
  {
    "codice": "051",
    "nome": "Arezzo",
    "sigla": "AR",
    "regione": "Toscana"
  },
  {
    "codice": "027",
    "nome": "Venezia",
    "sigla": "VE",
    "regione": "Veneto"
  },
  {
    "codice": "103",
    "nome": "Verbano-Cusio-Ossola",
    "sigla": "VB",
    "regione": "Piemonte"
  },
  {
    "codice": "043",
    "nome": "Macerata",
    "sigla": "MC",
    "regione": "Marche"
  },
  {
    "codice": "059",
    "nome": "Latina",
    "sigla": "LT",
    "regione": "Lazio"
  },
  {
    "codice": "111",
    "nome": "Sud Sardegna",
    "sigla": "SU",
    "regione": "Sardegna"
  },
  {
    "codice": "053",
    "nome": "Grosseto",
    "sigla": "GR",
    "regione": "Toscana"
  },
  {
    "codice": "010",
    "nome": "Genova",
    "sigla": "GE",
    "regione": "Liguria"
  },
  {
    "codice": "038",
    "nome": "Ferrara",
    "sigla": "FE",
    "regione": "Emilia-Romagna"
  },
  {
    "codice": "091",
    "nome": "Nuoro",
    "sigla": "NU",
    "regione": "Sardegna"
  },
  {
    "codice": "092",
    "nome": "Cagliari",
    "sigla": "CA",
    "regione": "Sardegna"
  },
  {
    "codice": "054",
    "nome": "Perugia",
    "sigla": "PG",
    "regione": "Umbria"
  },
  {
    "codice": "089",
    "nome": "Siracusa",
    "sigla": "SR",
    "regione": "Sicilia"
  },
  {
    "codice": "045",
    "nome": "Massa-Carrara",
    "sigla": "MS",
    "regione": "Toscana"
  },
  {
    "codice": "073",
    "nome": "Taranto",
    "sigla": "TA",
    "regione": "Puglia"
  },
  {
    "codice": "048",
    "nome": "Firenze",
    "sigla": "FI",
    "regione": "Toscana"
  },
  {
    "codice": "040",
    "nome": "Forlì-Cesena",
    "sigla": "FC",
    "regione": "Emilia-Romagna"
  },
  {
    "codice": "036",
    "nome": "Modena",
    "sigla": "MO",
    "regione": "Emilia-Romagna"
  },
  {
    "codice": "099",
    "nome": "Rimini",
    "sigla": "RN",
    "regione": "Emilia-Romagna"
  },
  {
    "codice": "101",
    "nome": "Crotone",
    "sigla": "KR",
    "regione": "Calabria"
  },
  {
    "codice": "049",
    "nome": "Livorno",
    "sigla": "LI",
    "regione": "Toscana"
  },
  {
    "codice": "050",
    "nome": "Pisa",
    "sigla": "PI",
    "regione": "Toscana"
  },
  {
    "codice": "074",
    "nome": "Brindisi",
    "sigla": "BR",
    "regione": "Puglia"
  },
  {
    "codice": "100",
    "nome": "Prato",
    "sigla": "PO",
    "regione": "Toscana"
  },
  {
    "codice": "031",
    "nome": "Gorizia",
    "sigla": "GO",
    "regione": "Friuli-Venezia Giulia"
  },
  {
    "codice": "032",
    "nome": "Trieste",
    "sigla": "TS",
    "regione": "Friuli-Venezia Giulia"
  }
]